{
  "Use Non-ASCII Font" : false,
  "Tags" : [

  ],
  "Ansi 12 Color" : {
    "Green Component" : 0.5096293091773987,
    "Red Component" : 0.4405802488327026,
    "Blue Component" : 0.5168579816818237
  },
  "Ansi 7 Color" : {
    "Green Component" : 0.8900123834609985,
    "Red Component" : 0.916110634803772,
    "Blue Component" : 0.7978110313415527
  },
  "Ansi 8 Color" : {
    "Green Component" : 0.1178361028432846,
    "Red Component" : 0,
    "Blue Component" : 0.1517027318477631
  },
  "Bold Color" : {
    "Green Component" : 0.5648583769798279,
    "Red Component" : 0.5059919357299805,
    "Blue Component" : 0.5636365413665771
  },
  "Ansi 9 Color" : {
    "Green Component" : 0.2132530063390732,
    "Red Component" : 0.7417625784873962,
    "Blue Component" : 0.07353043556213379
  },
  "Ansi 3 Color" : {
    "Green Component" : 0.4675142467021942,
    "Red Component" : 0.6474647521972656,
    "Blue Component" : 0.02348481118679047
  },
  "Ansi 5 Color" : {
    "Green Component" : 0.1080246344208717,
    "Red Component" : 0.7773894071578979,
    "Blue Component" : 0.4351663589477539
  },
  "Rows" : 25,
  "Default Bookmark" : "No",
  "Cursor Guide Color" : {
    "Red Component" : 0.65,
    "Color Space" : "Calibrated",
    "Blue Component" : 1,
    "Alpha Component" : 0.25,
    "Green Component" : 0.91
  },
  "Non-ASCII Anti Aliased" : true,
  "Use Bright Bold" : true,
  "Ansi 10 Color" : {
    "Green Component" : 0.3566595613956451,
    "Red Component" : 0.2767199277877808,
    "Blue Component" : 0.3829848766326904
  },
  "Ambiguous Double Width" : false,
  "Jobs to Ignore" : [
    "rlogin",
    "ssh",
    "slogin",
    "telnet"
  ],
  "Ansi 15 Color" : {
    "Green Component" : 0.9579439163208008,
    "Red Component" : 0.9894341826438904,
    "Blue Component" : 0.8640598058700562
  },
  "Foreground Color" : {
    "Green Component" : 0.5096293091773987,
    "Red Component" : 0.4405802488327026,
    "Blue Component" : 0.5168579816818237
  },
  "Working Directory" : "\/Users\/sahil",
  "Bound Hosts" : [

  ],
  "Blinking Cursor" : false,
  "Disable Window Resizing" : true,
  "Sync Title" : false,
  "Prompt Before Closing 2" : false,
  "BM Growl" : true,
  "Command" : "",
  "Description" : "Default",
  "Mouse Reporting" : true,
  "Screen" : -1,
  "Selection Color" : {
    "Green Component" : 0.155759260058403,
    "Red Component" : 0,
    "Blue Component" : 0.1937013864517212
  },
  "Columns" : 80,
  "Idle Code" : 0,
  "Ansi 13 Color" : {
    "Green Component" : 0.3389629721641541,
    "Red Component" : 0.3479863405227661,
    "Blue Component" : 0.7290843725204468
  },
  "Custom Command" : "No",
  "ASCII Anti Aliased" : true,
  "Non Ascii Font" : "Monaco 12",
  "Vertical Spacing" : 1,
  "Use Bold Font" : true,
  "Option Key Sends" : 0,
  "Selected Text Color" : {
    "Green Component" : 0.5648583769798279,
    "Red Component" : 0.5059919357299805,
    "Blue Component" : 0.5636365413665771
  },
  "Background Color" : {
    "Green Component" : 0.1178361028432846,
    "Red Component" : 0,
    "Blue Component" : 0.1517027318477631
  },
  "Character Encoding" : 4,
  "Ansi 11 Color" : {
    "Green Component" : 0.4071767330169678,
    "Red Component" : 0.3243661820888519,
    "Blue Component" : 0.4385056495666504
  },
  "Use Italic Font" : true,
  "Unlimited Scrollback" : false,
  "Keyboard Map" : {
    "0xf702-0x300000" : {
      "Text" : "0x01",
      "Action" : 11
    },
    "0x5e-0x60000" : {
      "Action" : 11,
      "Text" : "0x1e"
    },
    "0xf702-0x280000" : {
      "Text" : "b",
      "Action" : 10
    },
    "0xf703-0x300000" : {
      "Text" : "0x05",
      "Action" : 11
    },
    "0xf702-0x260000" : {
      "Action" : 11,
      "Text" : "0x1b 0x1b 0x5b 0x44"
    },
    "0xf703-0x280000" : {
      "Text" : "f",
      "Action" : 10
    },
    "0xf702-0x240000" : {
      "Text" : "[5D",
      "Action" : 10
    },
    "0xf703-0x260000" : {
      "Action" : 10,
      "Text" : "[C"
    },
    "0xf702-0x220000" : {
      "Action" : 10,
      "Text" : "[D"
    },
    "0xf703-0x240000" : {
      "Action" : 10,
      "Text" : "[5C"
    },
    "0xf70a-0x20000" : {
      "Action" : 10,
      "Text" : "[28~"
    },
    "0xf703-0x220000" : {
      "Action" : 10,
      "Text" : "[C"
    },
    "0xf700-0x280000" : {
      "Action" : 10,
      "Text" : "[A"
    },
    "0xf72b-0x20000" : {
      "Action" : 10,
      "Text" : "[F"
    },
    "0xf700-0x260000" : {
      "Action" : 10,
      "Text" : "[A"
    },
    "0xf701-0x280000" : {
      "Action" : 10,
      "Text" : "[B"
    },
    "0xf72b-0x40000" : {
      "Action" : 4,
      "Text" : ""
    },
    "0xf701-0x260000" : {
      "Action" : 10,
      "Text" : "[B"
    },
    "0xf700-0x240000" : {
      "Action" : 10,
      "Text" : "[A"
    },
    "0xf701-0x240000" : {
      "Action" : 10,
      "Text" : "[B"
    },
    "0xf700-0x220000" : {
      "Action" : 10,
      "Text" : "[A"
    },
    "0xf708-0x20000" : {
      "Action" : 10,
      "Text" : "[25~"
    },
    "0xf701-0x220000" : {
      "Action" : 10,
      "Text" : "[B"
    },
    "0x2d-0x40000" : {
      "Action" : 11,
      "Text" : "0x1f"
    },
    "0xf70b-0x20000" : {
      "Action" : 10,
      "Text" : "[29~"
    },
    "0xf709-0x20000" : {
      "Action" : 10,
      "Text" : "[26~"
    },
    "0x7a-0x100000" : {
      "Text" : "0x1f",
      "Action" : 11
    },
    "0xf729-0x20000" : {
      "Action" : 10,
      "Text" : "[H"
    },
    "0xf729-0x40000" : {
      "Action" : 5,
      "Text" : ""
    },
    "0x7f-0x100000" : {
      "Text" : "0x15",
      "Action" : 11
    },
    "0x7f-0x80000" : {
      "Text" : "0x1b 0x08",
      "Action" : 11
    }
  },
  "Window Type" : 0,
  "Background Image Location" : "",
  "Blur" : false,
  "Badge Color" : {
    "Red Component" : 1,
    "Color Space" : "Calibrated",
    "Blue Component" : 0,
    "Alpha Component" : 0.5,
    "Green Component" : 0
  },
  "Scrollback Lines" : 1000,
  "Send Code When Idle" : false,
  "Close Sessions On End" : true,
  "Terminal Type" : "xterm-256color",
  "Visual Bell" : true,
  "Flashing Bell" : false,
  "Silence Bell" : false,
  "Ansi 14 Color" : {
    "Green Component" : 0.5648583769798279,
    "Red Component" : 0.5059919357299805,
    "Blue Component" : 0.5636365413665771
  },
  "Name" : "Terminal Shortcuts",
  "Cursor Text Color" : {
    "Green Component" : 0.155759260058403,
    "Red Component" : 0,
    "Blue Component" : 0.1937013864517212
  },
  "Shortcut" : "",
  "Cursor Color" : {
    "Green Component" : 0.5096293091773987,
    "Red Component" : 0.4405802488327026,
    "Blue Component" : 0.5168579816818237
  },
  "Transparency" : 0,
  "Ansi 0 Color" : {
    "Green Component" : 0.155759260058403,
    "Red Component" : 0,
    "Blue Component" : 0.1937013864517212
  },
  "Custom Directory" : "No",
  "Horizontal Spacing" : 1,
  "Ansi 1 Color" : {
    "Green Component" : 0.1084065511822701,
    "Red Component" : 0.8192697763442993,
    "Blue Component" : 0.1414571404457092
  },
  "Right Option Key Sends" : 0,
  "Ansi 6 Color" : {
    "Green Component" : 0.570823609828949,
    "Red Component" : 0.1467953473329544,
    "Blue Component" : 0.5250227451324463
  },
  "Guid" : "6214D715-2679-4F4C-86AF-A42E28B52FB7",
  "Normal Font" : "Monaco 12",
  "Ansi 2 Color" : {
    "Green Component" : 0.5411549210548401,
    "Red Component" : 0.4497745335102081,
    "Blue Component" : 0.02020875550806522
  },
  "Ansi 4 Color" : {
    "Green Component" : 0.462659478187561,
    "Red Component" : 0.1275488436222076,
    "Blue Component" : 0.7823141813278198
  },
  "Link Color" : {
    "Red Component" : 0.023,
    "Color Space" : "Calibrated",
    "Blue Component" : 0.678,
    "Alpha Component" : 1,
    "Green Component" : 0.27
  }
}
